WaferID,DMT_X_mm,DMT_Y_mm,TFK_X_mm,TFK_Y_mm,DMT_Thickness,TFK_Thickness,Distance_mm,Thickness_Delta,DMT_File,TFK_File
AANBD260TEF7,0.0,0.0,0.0067,-3.6622,11583.43,11560.900391,3.6622061288245367,22.529609000001074,2026-04-03T14.59.32.1725319-LCTW01514-8374-DMT104-TTB628-DMTDUMMY.xml,2026-04-03T06.06.17.3745141-LCTW01514-8374-TFK657-TTB628-METDUMMY.xml
AANBD260TEF7,18.0,18.0,19.3019,19.3019,11550.96,11533.0,1.8411646368535322,17.959999999999127,2026-04-03T14.59.32.1725319-LCTW01514-8374-DMT104-TTB628-DMTDUMMY.xml,2026-04-03T06.06.17.3745141-LCTW01514-8374-TFK657-TTB628-METDUMMY.xml
AANBD260TEF7,18.0,-21.0,19.3019,-19.3019,11547.68,11529.900391,2.1397399888771536,17.779609000001074,2026-04-03T14.59.32.1725319-LCTW01514-8374-DMT104-TTB628-DMTDUMMY.xml,2026-04-03T06.06.17.3745141-LCTW01514-8374-TFK657-TTB628-METDUMMY.xml
AANBD260TEF7,-48.0,-36.0,-47.4578,-36.4348,11503.59,11491.700195,0.6950049496226653,11.889805000000706,2026-04-03T14.59.32.1725319-LCTW01514-8374-DMT104-TTB628-DMTDUMMY.xml,2026-04-03T06.06.17.3745141-LCTW01514-8374-TFK657-TTB628-METDUMMY.xml
AANBD260TEF7,-57.0,18.0,-57.9062,19.3019,11505.79,11488.400391,1.5862351811758546,17.389609000001656,2026-04-03T14.59.32.1725319-LCTW01514-8374-DMT104-TTB628-DMTDUMMY.xml,2026-04-03T06.06.17.3745141-LCTW01514-8374-TFK657-TTB628-METDUMMY.xml
AANBD260TEF7,-18.0,-57.0,-19.3019,-57.9062,11505.4,11487.799805,1.5862351811758546,17.600194999999076,2026-04-03T14.59.32.1725319-LCTW01514-8374-DMT104-TTB628-DMTDUMMY.xml,2026-04-03T06.06.17.3745141-LCTW01514-8374-TFK657-TTB628-METDUMMY.xml
AANBD260TEF7,-18.0,57.0,-19.3019,57.9062,11506.18,11492.599609,1.5862351811758546,13.580390999999508,2026-04-03T14.59.32.1725319-LCTW01514-8374-DMT104-TTB628-DMTDUMMY.xml,2026-04-03T06.06.17.3745141-LCTW01514-8374-TFK657-TTB628-METDUMMY.xml
AANBD260TEF7,72.0,-3.0,71.2039,-3.6622,11469.51,11459.0,1.035511491969062,10.510000000000218,2026-04-03T14.59.32.1725319-LCTW01514-8374-DMT104-TTB628-DMTDUMMY.xml,2026-04-03T06.06.17.3745141-LCTW01514-8374-TFK657-TTB628-METDUMMY.xml
AANBD260TEF7,57.0,57.0,57.9062,57.9062,11437.73,11425.299805,1.2815603302224963,12.430194999999003,2026-04-03T14.59.32.1725319-LCTW01514-8374-DMT104-TTB628-DMTDUMMY.xml,2026-04-03T06.06.17.3745141-LCTW01514-8374-TFK657-TTB628-METDUMMY.xml
AANBD260TEF7,-72.0,63.0,-71.1902,61.8829,11419.57,11409.5,1.37974216794298,10.069999999999709,2026-04-03T14.59.32.1725319-LCTW01514-8374-DMT104-TTB628-DMTDUMMY.xml,2026-04-03T06.06.17.3745141-LCTW01514-8374-TFK657-TTB628-METDUMMY.xml
AANBD260TEF7,18.0,-96.0,19.3019,-96.51,11406.8,11397.799805,1.398228740228152,9.000194999998712,2026-04-03T14.59.32.1725319-LCTW01514-8374-DMT104-TTB628-DMTDUMMY.xml,2026-04-03T06.06.17.3745141-LCTW01514-8374-TFK657-TTB628-METDUMMY.xml
AANBD260TEF7,18.0,96.0,19.3019,96.51,11408.45,11394.299805,1.398228740228152,14.150195000000167,2026-04-03T14.59.32.1725319-LCTW01514-8374-DMT104-TTB628-DMTDUMMY.xml,2026-04-03T06.06.17.3745141-LCTW01514-8374-TFK657-TTB628-METDUMMY.xml
AANBD260TEF7,96.0,18.0,96.51,19.3019,11402.36,11391.400391,1.398228740228152,10.959609000001365,2026-04-03T14.59.32.1725319-LCTW01514-8374-DMT104-TTB628-DMTDUMMY.xml,2026-04-03T06.06.17.3745141-LCTW01514-8374-TFK657-TTB628-METDUMMY.xml
AANBD260TEF7,72.0,-69.0,71.2039,-69.2075,11400.27,11391.799805,0.8226976722952309,8.470194999999876,2026-04-03T14.59.32.1725319-LCTW01514-8374-DMT104-TTB628-DMTDUMMY.xml,2026-04-03T06.06.17.3745141-LCTW01514-8374-TFK657-TTB628-METDUMMY.xml
AANBD260TEF7,-96.0,-57.0,-96.51,-57.9062,11373.5,11364.299805,1.0398550091238692,9.20019499999944,2026-04-03T14.59.32.1725319-LCTW01514-8374-DMT104-TTB628-DMTDUMMY.xml,2026-04-03T06.06.17.3745141-LCTW01514-8374-TFK657-TTB628-METDUMMY.xml
AANBD260TEF7,-57.0,-96.0,-57.9062,-96.51,11376.36,11367.5,1.0398550091238692,8.860000000000582,2026-04-03T14.59.32.1725319-LCTW01514-8374-DMT104-TTB628-DMTDUMMY.xml,2026-04-03T06.06.17.3745141-LCTW01514-8374-TFK657-TTB628-METDUMMY.xml
AANBD260TEF7,-57.0,96.0,-57.9062,96.51,11381.94,11369.5,1.0398550091238692,12.44000000000051,2026-04-03T14.59.32.1725319-LCTW01514-8374-DMT104-TTB628-DMTDUMMY.xml,2026-04-03T06.06.17.3745141-LCTW01514-8374-TFK657-TTB628-METDUMMY.xml
AANBD260TEF7,96.0,63.0,94.9361,61.8829,11361.19,11356.400391,1.5426586206935122,4.789609000001292,2026-04-03T14.59.32.1725319-LCTW01514-8374-DMT104-TTB628-DMTDUMMY.xml,2026-04-03T06.06.17.3745141-LCTW01514-8374-TFK657-TTB628-METDUMMY.xml
AANBD260TEF7,-120.0,-3.0,-118.655,-3.6622,11356.55,11351.799805,1.4991777212859043,4.750194999998712,2026-04-03T14.59.32.1725319-LCTW01514-8374-DMT104-TTB628-DMTDUMMY.xml,2026-04-03T06.06.17.3745141-LCTW01514-8374-TFK657-TTB628-METDUMMY.xml
AANBD260TEF7,0.0,126.0,0.0067,127.428,11342.89,11330.5,1.4280157177006112,12.389999999999418,2026-04-03T14.59.32.1725319-LCTW01514-8374-DMT104-TTB628-DMTDUMMY.xml,2026-04-03T06.06.17.3745141-LCTW01514-8374-TFK657-TTB628-METDUMMY.xml
AANBD260TEF7,0.0,-135.0,0.0067,-134.7529999,11315.93,11303.5,0.24709095369926845,12.430000000000291,2026-04-03T14.59.32.1725319-LCTW01514-8374-DMT104-TTB628-DMTDUMMY.xml,2026-04-03T06.06.17.3745141-LCTW01514-8374-TFK657-TTB628-METDUMMY.xml
AANBD260TEF7,-96.0,96.0,-96.51,96.51,11322.75,11311.599609,0.7212489168102857,11.150390999999217,2026-04-03T14.59.32.1725319-LCTW01514-8374-DMT104-TTB628-DMTDUMMY.xml,2026-04-03T06.06.17.3745141-LCTW01514-8374-TFK657-TTB628-METDUMMY.xml
AANBD260TEF7,96.0,-96.0,96.51,-96.51,11305.66,11292.5,0.7212489168102857,13.159999999999854,2026-04-03T14.59.32.1725319-LCTW01514-8374-DMT104-TTB628-DMTDUMMY.xml,2026-04-03T06.06.17.3745141-LCTW01514-8374-TFK657-TTB628-METDUMMY.xml
AANBD260TEF7,135.0,18.0,136.2,19.3019,11299.9,11284.799805,1.7705771968485227,15.100194999999076,2026-04-03T14.59.32.1725319-LCTW01514-8374-DMT104-TTB628-DMTDUMMY.xml,2026-04-03T06.06.17.3745141-LCTW01514-8374-TFK657-TTB628-METDUMMY.xml
AANBD260TEF7,72.0,126.0,71.2039,127.428,11286.05,11285.0,1.6349187166339447,1.0499999999992724,2026-04-03T14.59.32.1725319-LCTW01514-8374-DMT104-TTB628-DMTDUMMY.xml,2026-04-03T06.06.17.3745141-LCTW01514-8374-TFK657-TTB628-METDUMMY.xml
AANBD260TEF7,141.0,-36.0,142.401,-36.4348,11280.98,11305.5,1.466919234313884,-24.520000000000437,2026-04-03T14.59.32.1725319-LCTW01514-8374-DMT104-TTB628-DMTDUMMY.xml,2026-04-03T06.06.17.3745141-LCTW01514-8374-TFK657-TTB628-METDUMMY.xml
AANBD260TEF7,-135.0,-57.0,-136.2,-57.9062,11453.73,11442.700195,1.503728180224062,11.029805000000124,2026-04-03T14.59.32.1725319-LCTW01514-8374-DMT104-TTB628-DMTDUMMY.xml,2026-04-03T06.06.17.3745141-LCTW01514-8374-TFK657-TTB628-METDUMMY.xml
AANBD260TEF7,-135.0,57.0,-136.2,57.9062,11462.78,11452.099609,1.503728180224062,10.680390999999872,2026-04-03T14.59.32.1725319-LCTW01514-8374-DMT104-TTB628-DMTDUMMY.xml,2026-04-03T06.06.17.3745141-LCTW01514-8374-TFK657-TTB628-METDUMMY.xml
AANBD260TEF7,-57.0,-135.0,-57.9062,-136.2,11445.96,11441.5,1.503728180224062,4.459999999999127,2026-04-03T14.59.32.1725319-LCTW01514-8374-DMT104-TTB628-DMTDUMMY.xml,2026-04-03T06.06.17.3745141-LCTW01514-8374-TFK657-TTB628-METDUMMY.xml
AANBD260TEF7,-57.0,135.0,-57.9062,136.2,11464.4,11446.5,1.503728180224062,17.899999999999636,2026-04-03T14.59.32.1725319-LCTW01514-8374-DMT104-TTB628-DMTDUMMY.xml,2026-04-03T06.06.17.3745141-LCTW01514-8374-TFK657-TTB628-METDUMMY.xml
AANBD260TEF7,57.0,-135.0,57.9062,-136.2,11434.98,11426.400391,1.503728180224062,8.579609000000346,2026-04-03T14.59.32.1725319-LCTW01514-8374-DMT104-TTB628-DMTDUMMY.xml,2026-04-03T06.06.17.3745141-LCTW01514-8374-TFK657-TTB628-METDUMMY.xml
AANBD247TEE4,0.0,0.0,0.0067,-3.6622,11593.11,11572.900391,3.6622061288245367,20.209609000001365,2026-04-03T14.59.32.1725319-LCTW01514-8374-DMT104-TTB628-DMTDUMMY.xml,2026-04-03T06.06.17.3745141-LCTW01514-8374-TFK657-TTB628-METDUMMY.xml
AANBD247TEE4,18.0,18.0,19.3019,19.3019,11527.12,11506.799805,1.8411646368535322,20.32019500000024,2026-04-03T14.59.32.1725319-LCTW01514-8374-DMT104-TTB628-DMTDUMMY.xml,2026-04-03T06.06.17.3745141-LCTW01514-8374-TFK657-TTB628-METDUMMY.xml
AANBD247TEE4,18.0,-21.0,19.3019,-19.3019,11519.81,11503.0,2.1397399888771536,16.80999999999949,2026-04-03T14.59.32.1725319-LCTW01514-8374-DMT104-TTB628-DMTDUMMY.xml,2026-04-03T06.06.17.3745141-LCTW01514-8374-TFK657-TTB628-METDUMMY.xml
AANBD247TEE4,-48.0,-36.0,-47.4578,-36.4348,11495.48,11482.400391,0.6950049496226653,13.079609000000346,2026-04-03T14.59.32.1725319-LCTW01514-8374-DMT104-TTB628-DMTDUMMY.xml,2026-04-03T06.06.17.3745141-LCTW01514-8374-TFK657-TTB628-METDUMMY.xml
AANBD247TEE4,-57.0,18.0,-57.9062,19.3019,11494.62,11478.799805,1.5862351811758546,15.82019500000024,2026-04-03T14.59.32.1725319-LCTW01514-8374-DMT104-TTB628-DMTDUMMY.xml,2026-04-03T06.06.17.3745141-LCTW01514-8374-TFK657-TTB628-METDUMMY.xml
AANBD247TEE4,-18.0,-57.0,-19.3019,-57.9062,11491.87,11476.099609,1.5862351811758546,15.770391000000018,2026-04-03T14.59.32.1725319-LCTW01514-8374-DMT104-TTB628-DMTDUMMY.xml,2026-04-03T06.06.17.3745141-LCTW01514-8374-TFK657-TTB628-METDUMMY.xml
AANBD247TEE4,-18.0,57.0,-19.3019,57.9062,11495.54,11483.099609,1.5862351811758546,12.44039100000009,2026-04-03T14.59.32.1725319-LCTW01514-8374-DMT104-TTB628-DMTDUMMY.xml,2026-04-03T06.06.17.3745141-LCTW01514-8374-TFK657-TTB628-METDUMMY.xml
AANBD247TEE4,72.0,-3.0,71.2039,-3.6622,11448.09,11437.400391,1.035511491969062,10.689609000000928,2026-04-03T14.59.32.1725319-LCTW01514-8374-DMT104-TTB628-DMTDUMMY.xml,2026-04-03T06.06.17.3745141-LCTW01514-8374-TFK657-TTB628-METDUMMY.xml
AANBD247TEE4,57.0,57.0,57.9062,57.9062,11428.87,11414.299805,1.2815603302224963,14.57019500000024,2026-04-03T14.59.32.1725319-LCTW01514-8374-DMT104-TTB628-DMTDUMMY.xml,2026-04-03T06.06.17.3745141-LCTW01514-8374-TFK657-TTB628-METDUMMY.xml
AANBD247TEE4,-72.0,63.0,-71.1902,61.8829,11396.86,11389.200195,1.37974216794298,7.659805000001143,2026-04-03T14.59.32.1725319-LCTW01514-8374-DMT104-TTB628-DMTDUMMY.xml,2026-04-03T06.06.17.3745141-LCTW01514-8374-TFK657-TTB628-METDUMMY.xml
AANBD247TEE4,18.0,-96.0,19.3019,-96.51,11395.47,11386.700195,1.398228740228152,8.769804999999906,2026-04-03T14.59.32.1725319-LCTW01514-8374-DMT104-TTB628-DMTDUMMY.xml,2026-04-03T06.06.17.3745141-LCTW01514-8374-TFK657-TTB628-METDUMMY.xml
AANBD247TEE4,18.0,96.0,19.3019,96.51,11393.68,11383.700195,1.398228740228152,9.979805000000852,2026-04-03T14.59.32.1725319-LCTW01514-8374-DMT104-TTB628-DMTDUMMY.xml,2026-04-03T06.06.17.3745141-LCTW01514-8374-TFK657-TTB628-METDUMMY.xml
AANBD247TEE4,96.0,18.0,96.51,19.3019,11393.47,11384.099609,1.398228740228152,9.370390999998563,2026-04-03T14.59.32.1725319-LCTW01514-8374-DMT104-TTB628-DMTDUMMY.xml,2026-04-03T06.06.17.3745141-LCTW01514-8374-TFK657-TTB628-METDUMMY.xml
AANBD247TEE4,72.0,-69.0,71.2039,-69.2075,11396.67,11390.5,0.8226976722952309,6.170000000000073,2026-04-03T14.59.32.1725319-LCTW01514-8374-DMT104-TTB628-DMTDUMMY.xml,2026-04-03T06.06.17.3745141-LCTW01514-8374-TFK657-TTB628-METDUMMY.xml
AANBD247TEE4,-96.0,-57.0,-96.51,-57.9062,11366.46,11355.5,1.0398550091238692,10.959999999999127,2026-04-03T14.59.32.1725319-LCTW01514-8374-DMT104-TTB628-DMTDUMMY.xml,2026-04-03T06.06.17.3745141-LCTW01514-8374-TFK657-TTB628-METDUMMY.xml
AANBD247TEE4,-57.0,-96.0,-57.9062,-96.51,11367.26,11355.599609,1.0398550091238692,11.660390999999436,2026-04-03T14.59.32.1725319-LCTW01514-8374-DMT104-TTB628-DMTDUMMY.xml,2026-04-03T06.06.17.3745141-LCTW01514-8374-TFK657-TTB628-METDUMMY.xml
AANBD247TEE4,-57.0,96.0,-57.9062,96.51,11359.38,11352.400391,1.0398550091238692,6.979608999999982,2026-04-03T14.59.32.1725319-LCTW01514-8374-DMT104-TTB628-DMTDUMMY.xml,2026-04-03T06.06.17.3745141-LCTW01514-8374-TFK657-TTB628-METDUMMY.xml
AANBD247TEE4,96.0,63.0,94.9361,61.8829,11349.7,11347.0,1.5426586206935122,2.7000000000007276,2026-04-03T14.59.32.1725319-LCTW01514-8374-DMT104-TTB628-DMTDUMMY.xml,2026-04-03T06.06.17.3745141-LCTW01514-8374-TFK657-TTB628-METDUMMY.xml
AANBD247TEE4,-120.0,-3.0,-118.655,-3.6622,11350.18,11345.200195,1.4991777212859043,4.979805000000852,2026-04-03T14.59.32.1725319-LCTW01514-8374-DMT104-TTB628-DMTDUMMY.xml,2026-04-03T06.06.17.3745141-LCTW01514-8374-TFK657-TTB628-METDUMMY.xml
AANBD247TEE4,0.0,126.0,0.0067,127.428,11329.73,11319.599609,1.4280157177006112,10.130390999998781,2026-04-03T14.59.32.1725319-LCTW01514-8374-DMT104-TTB628-DMTDUMMY.xml,2026-04-03T06.06.17.3745141-LCTW01514-8374-TFK657-TTB628-METDUMMY.xml
AANBD247TEE4,0.0,-135.0,0.0067,-134.7529999,11307.65,11295.900391,0.24709095369926845,11.749609000000419,2026-04-03T14.59.32.1725319-LCTW01514-8374-DMT104-TTB628-DMTDUMMY.xml,2026-04-03T06.06.17.3745141-LCTW01514-8374-TFK657-TTB628-METDUMMY.xml
AANBD247TEE4,-96.0,96.0,-96.51,96.51,11295.15,11282.200195,0.7212489168102857,12.949805000000197,2026-04-03T14.59.32.1725319-LCTW01514-8374-DMT104-TTB628-DMTDUMMY.xml,2026-04-03T06.06.17.3745141-LCTW01514-8374-TFK657-TTB628-METDUMMY.xml
AANBD247TEE4,96.0,-96.0,96.51,-96.51,11304.77,11295.0,0.7212489168102857,9.770000000000437,2026-04-03T14.59.32.1725319-LCTW01514-8374-DMT104-TTB628-DMTDUMMY.xml,2026-04-03T06.06.17.3745141-LCTW01514-8374-TFK657-TTB628-METDUMMY.xml
AANBD247TEE4,135.0,18.0,136.2,19.3019,11297.44,11284.200195,1.7705771968485227,13.23980500000107,2026-04-03T14.59.32.1725319-LCTW01514-8374-DMT104-TTB628-DMTDUMMY.xml,2026-04-03T06.06.17.3745141-LCTW01514-8374-TFK657-TTB628-METDUMMY.xml
AANBD247TEE4,72.0,126.0,71.2039,127.428,11279.39,11274.400391,1.6349187166339447,4.9896090000002005,2026-04-03T14.59.32.1725319-LCTW01514-8374-DMT104-TTB628-DMTDUMMY.xml,2026-04-03T06.06.17.3745141-LCTW01514-8374-TFK657-TTB628-METDUMMY.xml
AANBD247TEE4,141.0,-36.0,142.401,-36.4348,11294.11,11316.400391,1.466919234313884,-22.290390999998635,2026-04-03T14.59.32.1725319-LCTW01514-8374-DMT104-TTB628-DMTDUMMY.xml,2026-04-03T06.06.17.3745141-LCTW01514-8374-TFK657-TTB628-METDUMMY.xml
AANBD247TEE4,-135.0,-57.0,-136.2,-57.9062,11433.87,11430.099609,1.503728180224062,3.770391000000018,2026-04-03T14.59.32.1725319-LCTW01514-8374-DMT104-TTB628-DMTDUMMY.xml,2026-04-03T06.06.17.3745141-LCTW01514-8374-TFK657-TTB628-METDUMMY.xml
AANBD247TEE4,-135.0,57.0,-136.2,57.9062,11435.65,11414.200195,1.503728180224062,21.449805000000197,2026-04-03T14.59.32.1725319-LCTW01514-8374-DMT104-TTB628-DMTDUMMY.xml,2026-04-03T06.06.17.3745141-LCTW01514-8374-TFK657-TTB628-METDUMMY.xml
AANBD247TEE4,-57.0,-135.0,-57.9062,-136.2,11435.24,11440.700195,1.503728180224062,-5.460194999999658,2026-04-03T14.59.32.1725319-LCTW01514-8374-DMT104-TTB628-DMTDUMMY.xml,2026-04-03T06.06.17.3745141-LCTW01514-8374-TFK657-TTB628-METDUMMY.xml
AANBD247TEE4,-57.0,135.0,-57.9062,136.2,11425.15,11393.299805,1.503728180224062,31.850194999999076,2026-04-03T14.59.32.1725319-LCTW01514-8374-DMT104-TTB628-DMTDUMMY.xml,2026-04-03T06.06.17.3745141-LCTW01514-8374-TFK657-TTB628-METDUMMY.xml
AANBD247TEE4,57.0,-135.0,57.9062,-136.2,11431.24,11433.400391,1.503728180224062,-2.1603909999994357,2026-04-03T14.59.32.1725319-LCTW01514-8374-DMT104-TTB628-DMTDUMMY.xml,2026-04-03T06.06.17.3745141-LCTW01514-8374-TFK657-TTB628-METDUMMY.xml
AANBD224TEE7,0.0,0.0,0.0067,-3.6622,11532.26,11509.900391,3.6622061288245367,22.359609000001,2026-04-05T11.32.16.7863347-LCTW01512-8374-DMT104-TTG624-DMTDUMMY.xml,2026-04-05T10.27.27.5735424-LCTW01512-8374-TFK554-TTG624-27TFKCUDUMMY.xml
AANBD224TEE7,18.0,18.0,19.3019,19.3019,11495.24,11474.799805,1.8411646368535322,20.44019499999922,2026-04-05T11.32.16.7863347-LCTW01512-8374-DMT104-TTG624-DMTDUMMY.xml,2026-04-05T10.27.27.5735424-LCTW01512-8374-TFK554-TTG624-27TFKCUDUMMY.xml
AANBD224TEE7,18.0,-21.0,19.3019,-19.3019,11488.97,11473.599609,2.1397399888771536,15.370390999998563,2026-04-05T11.32.16.7863347-LCTW01512-8374-DMT104-TTG624-DMTDUMMY.xml,2026-04-05T10.27.27.5735424-LCTW01512-8374-TFK554-TTG624-27TFKCUDUMMY.xml
AANBD224TEE7,-48.0,-36.0,-47.4578,-36.4348,11463.83,11447.799805,0.6950049496226653,16.030194999999367,2026-04-05T11.32.16.7863347-LCTW01512-8374-DMT104-TTG624-DMTDUMMY.xml,2026-04-05T10.27.27.5735424-LCTW01512-8374-TFK554-TTG624-27TFKCUDUMMY.xml
AANBD224TEE7,-57.0,18.0,-57.9062,19.3019,11452.12,11431.400391,1.5862351811758546,20.719609000001583,2026-04-05T11.32.16.7863347-LCTW01512-8374-DMT104-TTG624-DMTDUMMY.xml,2026-04-05T10.27.27.5735424-LCTW01512-8374-TFK554-TTG624-27TFKCUDUMMY.xml
AANBD224TEE7,-18.0,-57.0,-19.3019,-57.9062,11462.94,11444.400391,1.5862351811758546,18.539609000001292,2026-04-05T11.32.16.7863347-LCTW01512-8374-DMT104-TTG624-DMTDUMMY.xml,2026-04-05T10.27.27.5735424-LCTW01512-8374-TFK554-TTG624-27TFKCUDUMMY.xml
AANBD224TEE7,-18.0,57.0,-19.3019,57.9062,11460.48,11443.599609,1.5862351811758546,16.88039099999878,2026-04-05T11.32.16.7863347-LCTW01512-8374-DMT104-TTG624-DMTDUMMY.xml,2026-04-05T10.27.27.5735424-LCTW01512-8374-TFK554-TTG624-27TFKCUDUMMY.xml
AANBD224TEE7,72.0,-3.0,71.2039,-3.6622,11405.79,11395.700195,1.035511491969062,10.089805000001434,2026-04-05T11.32.16.7863347-LCTW01512-8374-DMT104-TTG624-DMTDUMMY.xml,2026-04-05T10.27.27.5735424-LCTW01512-8374-TFK554-TTG624-27TFKCUDUMMY.xml
AANBD224TEE7,57.0,57.0,57.9062,57.9062,11396.99,11377.900391,1.2815603302224963,19.089609000000564,2026-04-05T11.32.16.7863347-LCTW01512-8374-DMT104-TTG624-DMTDUMMY.xml,2026-04-05T10.27.27.5735424-LCTW01512-8374-TFK554-TTG624-27TFKCUDUMMY.xml
AANBD224TEE7,-72.0,63.0,-71.1902,61.8829,11376.21,11364.299805,1.37974216794298,11.910194999998566,2026-04-05T11.32.16.7863347-LCTW01512-8374-DMT104-TTG624-DMTDUMMY.xml,2026-04-05T10.27.27.5735424-LCTW01512-8374-TFK554-TTG624-27TFKCUDUMMY.xml
AANBD224TEE7,18.0,-96.0,19.3019,-96.51,11369.07,11357.599609,1.398228740228152,11.470390999998926,2026-04-05T11.32.16.7863347-LCTW01512-8374-DMT104-TTG624-DMTDUMMY.xml,2026-04-05T10.27.27.5735424-LCTW01512-8374-TFK554-TTG624-27TFKCUDUMMY.xml
AANBD224TEE7,18.0,96.0,19.3019,96.51,11370.01,11354.0,1.398228740228152,16.01000000000022,2026-04-05T11.32.16.7863347-LCTW01512-8374-DMT104-TTG624-DMTDUMMY.xml,2026-04-05T10.27.27.5735424-LCTW01512-8374-TFK554-TTG624-27TFKCUDUMMY.xml
AANBD224TEE7,96.0,18.0,96.51,19.3019,11360.87,11348.099609,1.398228740228152,12.770391000000018,2026-04-05T11.32.16.7863347-LCTW01512-8374-DMT104-TTG624-DMTDUMMY.xml,2026-04-05T10.27.27.5735424-LCTW01512-8374-TFK554-TTG624-27TFKCUDUMMY.xml
AANBD224TEE7,72.0,-69.0,71.2039,-69.2075,11366.52,11353.799805,0.8226976722952309,12.720194999999876,2026-04-05T11.32.16.7863347-LCTW01512-8374-DMT104-TTG624-DMTDUMMY.xml,2026-04-05T10.27.27.5735424-LCTW01512-8374-TFK554-TTG624-27TFKCUDUMMY.xml
AANBD224TEE7,-96.0,-57.0,-96.51,-57.9062,11347.39,11332.5,1.0398550091238692,14.889999999999418,2026-04-05T11.32.16.7863347-LCTW01512-8374-DMT104-TTG624-DMTDUMMY.xml,2026-04-05T10.27.27.5735424-LCTW01512-8374-TFK554-TTG624-27TFKCUDUMMY.xml
AANBD224TEE7,-57.0,-96.0,-57.9062,-96.51,11346.12,11335.400391,1.0398550091238692,10.719609000001583,2026-04-05T11.32.16.7863347-LCTW01512-8374-DMT104-TTG624-DMTDUMMY.xml,2026-04-05T10.27.27.5735424-LCTW01512-8374-TFK554-TTG624-27TFKCUDUMMY.xml
AANBD224TEE7,-57.0,96.0,-57.9062,96.51,11342.88,11330.400391,1.0398550091238692,12.479608999999982,2026-04-05T11.32.16.7863347-LCTW01512-8374-DMT104-TTG624-DMTDUMMY.xml,2026-04-05T10.27.27.5735424-LCTW01512-8374-TFK554-TTG624-27TFKCUDUMMY.xml
AANBD224TEE7,96.0,63.0,94.9361,61.8829,11329.17,11323.799805,1.5426586206935122,5.370194999999512,2026-04-05T11.32.16.7863347-LCTW01512-8374-DMT104-TTG624-DMTDUMMY.xml,2026-04-05T10.27.27.5735424-LCTW01512-8374-TFK554-TTG624-27TFKCUDUMMY.xml
AANBD224TEE7,-120.0,-3.0,-118.655,-3.6622,11325.43,11316.5,1.4991777212859043,8.930000000000291,2026-04-05T11.32.16.7863347-LCTW01512-8374-DMT104-TTG624-DMTDUMMY.xml,2026-04-05T10.27.27.5735424-LCTW01512-8374-TFK554-TTG624-27TFKCUDUMMY.xml
AANBD224TEE7,0.0,126.0,0.0067,127.428,11318.65,11302.599609,1.4280157177006112,16.050390999998854,2026-04-05T11.32.16.7863347-LCTW01512-8374-DMT104-TTG624-DMTDUMMY.xml,2026-04-05T10.27.27.5735424-LCTW01512-8374-TFK554-TTG624-27TFKCUDUMMY.xml
AANBD224TEE7,0.0,-135.0,0.0067,-134.7529999,11300.05,11289.0,0.24709095369926845,11.049999999999272,2026-04-05T11.32.16.7863347-LCTW01512-8374-DMT104-TTG624-DMTDUMMY.xml,2026-04-05T10.27.27.5735424-LCTW01512-8374-TFK554-TTG624-27TFKCUDUMMY.xml
AANBD224TEE7,-96.0,96.0,-96.51,96.51,11289.57,11281.5,0.7212489168102857,8.069999999999709,2026-04-05T11.32.16.7863347-LCTW01512-8374-DMT104-TTG624-DMTDUMMY.xml,2026-04-05T10.27.27.5735424-LCTW01512-8374-TFK554-TTG624-27TFKCUDUMMY.xml
AANBD224TEE7,96.0,-96.0,96.51,-96.51,11295.76,11281.099609,0.7212489168102857,14.660390999999436,2026-04-05T11.32.16.7863347-LCTW01512-8374-DMT104-TTG624-DMTDUMMY.xml,2026-04-05T10.27.27.5735424-LCTW01512-8374-TFK554-TTG624-27TFKCUDUMMY.xml
AANBD224TEE7,135.0,18.0,136.2,19.3019,11284.51,11267.200195,1.7705771968485227,17.30980500000078,2026-04-05T11.32.16.7863347-LCTW01512-8374-DMT104-TTG624-DMTDUMMY.xml,2026-04-05T10.27.27.5735424-LCTW01512-8374-TFK554-TTG624-27TFKCUDUMMY.xml
AANBD224TEE7,72.0,126.0,71.2039,127.428,11289.87,11289.400391,1.6349187166339447,0.4696090000015829,2026-04-05T11.32.16.7863347-LCTW01512-8374-DMT104-TTG624-DMTDUMMY.xml,2026-04-05T10.27.27.5735424-LCTW01512-8374-TFK554-TTG624-27TFKCUDUMMY.xml
AANBD224TEE7,141.0,-36.0,142.401,-36.4348,11274.35,11300.599609,1.466919234313884,-26.24960900000042,2026-04-05T11.32.16.7863347-LCTW01512-8374-DMT104-TTG624-DMTDUMMY.xml,2026-04-05T10.27.27.5735424-LCTW01512-8374-TFK554-TTG624-27TFKCUDUMMY.xml
AANBD224TEE7,-135.0,-57.0,-136.2,-57.9062,11441.64,11420.099609,1.503728180224062,21.540390999998635,2026-04-05T11.32.16.7863347-LCTW01512-8374-DMT104-TTG624-DMTDUMMY.xml,2026-04-05T10.27.27.5735424-LCTW01512-8374-TFK554-TTG624-27TFKCUDUMMY.xml
AANBD224TEE7,-135.0,57.0,-136.2,57.9062,11433.92,11414.400391,1.503728180224062,19.519609000000855,2026-04-05T11.32.16.7863347-LCTW01512-8374-DMT104-TTG624-DMTDUMMY.xml,2026-04-05T10.27.27.5735424-LCTW01512-8374-TFK554-TTG624-27TFKCUDUMMY.xml
AANBD224TEE7,-57.0,-135.0,-57.9062,-136.2,11443.57,11435.799805,1.503728180224062,7.770194999999148,2026-04-05T11.32.16.7863347-LCTW01512-8374-DMT104-TTG624-DMTDUMMY.xml,2026-04-05T10.27.27.5735424-LCTW01512-8374-TFK554-TTG624-27TFKCUDUMMY.xml
AANBD224TEE7,-57.0,135.0,-57.9062,136.2,11446.62,11425.200195,1.503728180224062,21.41980500000136,2026-04-05T11.32.16.7863347-LCTW01512-8374-DMT104-TTG624-DMTDUMMY.xml,2026-04-05T10.27.27.5735424-LCTW01512-8374-TFK554-TTG624-27TFKCUDUMMY.xml
AANBD224TEE7,57.0,-135.0,57.9062,-136.2,11434.88,11414.0,1.503728180224062,20.8799999999992,2026-04-05T11.32.16.7863347-LCTW01512-8374-DMT104-TTG624-DMTDUMMY.xml,2026-04-05T10.27.27.5735424-LCTW01512-8374-TFK554-TTG624-27TFKCUDUMMY.xml
AANBD258TEF7,0.0,0.0,0.0067,-3.6622,11572.25,11555.400391,3.6622061288245367,16.849609000000783,2026-04-03T14.59.32.1725319-LCTW01514-8374-DMT104-TTB628-DMTDUMMY.xml,2026-04-03T06.06.17.3745141-LCTW01514-8374-TFK657-TTB628-METDUMMY.xml
AANBD258TEF7,18.0,18.0,19.3019,19.3019,11564.58,11545.400391,1.8411646368535322,19.17960900000071,2026-04-03T14.59.32.1725319-LCTW01514-8374-DMT104-TTB628-DMTDUMMY.xml,2026-04-03T06.06.17.3745141-LCTW01514-8374-TFK657-TTB628-METDUMMY.xml
AANBD258TEF7,18.0,-21.0,19.3019,-19.3019,11568.05,11553.200195,2.1397399888771536,14.849804999999833,2026-04-03T14.59.32.1725319-LCTW01514-8374-DMT104-TTB628-DMTDUMMY.xml,2026-04-03T06.06.17.3745141-LCTW01514-8374-TFK657-TTB628-METDUMMY.xml
AANBD258TEF7,-48.0,-36.0,-47.4578,-36.4348,11481.48,11466.0,0.6950049496226653,15.479999999999563,2026-04-03T14.59.32.1725319-LCTW01514-8374-DMT104-TTB628-DMTDUMMY.xml,2026-04-03T06.06.17.3745141-LCTW01514-8374-TFK657-TTB628-METDUMMY.xml
AANBD258TEF7,-57.0,18.0,-57.9062,19.3019,11478.22,11460.900391,1.5862351811758546,17.319609000000128,2026-04-03T14.59.32.1725319-LCTW01514-8374-DMT104-TTB628-DMTDUMMY.xml,2026-04-03T06.06.17.3745141-LCTW01514-8374-TFK657-TTB628-METDUMMY.xml
AANBD258TEF7,-18.0,-57.0,-19.3019,-57.9062,11482.5,11466.599609,1.5862351811758546,15.900390999999217,2026-04-03T14.59.32.1725319-LCTW01514-8374-DMT104-TTB628-DMTDUMMY.xml,2026-04-03T06.06.17.3745141-LCTW01514-8374-TFK657-TTB628-METDUMMY.xml
AANBD258TEF7,-18.0,57.0,-19.3019,57.9062,11475.61,11458.5,1.5862351811758546,17.110000000000582,2026-04-03T14.59.32.1725319-LCTW01514-8374-DMT104-TTB628-DMTDUMMY.xml,2026-04-03T06.06.17.3745141-LCTW01514-8374-TFK657-TTB628-METDUMMY.xml
AANBD258TEF7,72.0,-3.0,71.2039,-3.6622,11446.83,11438.900391,1.035511491969062,7.92960900000071,2026-04-03T14.59.32.1725319-LCTW01514-8374-DMT104-TTB628-DMTDUMMY.xml,2026-04-03T06.06.17.3745141-LCTW01514-8374-TFK657-TTB628-METDUMMY.xml
AANBD258TEF7,57.0,57.0,57.9062,57.9062,11437.66,11425.099609,1.2815603302224963,12.560390999999072,2026-04-03T14.59.32.1725319-LCTW01514-8374-DMT104-TTB628-DMTDUMMY.xml,2026-04-03T06.06.17.3745141-LCTW01514-8374-TFK657-TTB628-METDUMMY.xml
AANBD258TEF7,-72.0,63.0,-71.1902,61.8829,11431.05,11423.700195,1.37974216794298,7.349804999999833,2026-04-03T14.59.32.1725319-LCTW01514-8374-DMT104-TTB628-DMTDUMMY.xml,2026-04-03T06.06.17.3745141-LCTW01514-8374-TFK657-TTB628-METDUMMY.xml
AANBD258TEF7,18.0,-96.0,19.3019,-96.51,11419.33,11407.5,1.398228740228152,11.829999999999927,2026-04-03T14.59.32.1725319-LCTW01514-8374-DMT104-TTB628-DMTDUMMY.xml,2026-04-03T06.06.17.3745141-LCTW01514-8374-TFK657-TTB628-METDUMMY.xml
AANBD258TEF7,18.0,96.0,19.3019,96.51,11424.39,11415.0,1.398228740228152,9.389999999999418,2026-04-03T14.59.32.1725319-LCTW01514-8374-DMT104-TTB628-DMTDUMMY.xml,2026-04-03T06.06.17.3745141-LCTW01514-8374-TFK657-TTB628-METDUMMY.xml
AANBD258TEF7,96.0,18.0,96.51,19.3019,11421.01,11408.5,1.398228740228152,12.510000000000218,2026-04-03T14.59.32.1725319-LCTW01514-8374-DMT104-TTB628-DMTDUMMY.xml,2026-04-03T06.06.17.3745141-LCTW01514-8374-TFK657-TTB628-METDUMMY.xml
AANBD258TEF7,72.0,-69.0,71.2039,-69.2075,11416.53,11409.700195,0.8226976722952309,6.829805000001215,2026-04-03T14.59.32.1725319-LCTW01514-8374-DMT104-TTB628-DMTDUMMY.xml,2026-04-03T06.06.17.3745141-LCTW01514-8374-TFK657-TTB628-METDUMMY.xml
AANBD258TEF7,-96.0,-57.0,-96.51,-57.9062,11396.69,11387.799805,1.0398550091238692,8.890194999999949,2026-04-03T14.59.32.1725319-LCTW01514-8374-DMT104-TTB628-DMTDUMMY.xml,2026-04-03T06.06.17.3745141-LCTW01514-8374-TFK657-TTB628-METDUMMY.xml
AANBD258TEF7,-57.0,-96.0,-57.9062,-96.51,11396.12,11385.799805,1.0398550091238692,10.32019500000024,2026-04-03T14.59.32.1725319-LCTW01514-8374-DMT104-TTB628-DMTDUMMY.xml,2026-04-03T06.06.17.3745141-LCTW01514-8374-TFK657-TTB628-METDUMMY.xml
AANBD258TEF7,-57.0,96.0,-57.9062,96.51,11405.28,11393.299805,1.0398550091238692,11.980195000000094,2026-04-03T14.59.32.1725319-LCTW01514-8374-DMT104-TTB628-DMTDUMMY.xml,2026-04-03T06.06.17.3745141-LCTW01514-8374-TFK657-TTB628-METDUMMY.xml
AANBD258TEF7,96.0,63.0,94.9361,61.8829,11393.25,11386.099609,1.5426586206935122,7.1503909999992175,2026-04-03T14.59.32.1725319-LCTW01514-8374-DMT104-TTB628-DMTDUMMY.xml,2026-04-03T06.06.17.3745141-LCTW01514-8374-TFK657-TTB628-METDUMMY.xml
AANBD258TEF7,-120.0,-3.0,-118.655,-3.6622,11381.36,11379.099609,1.4991777212859043,2.2603909999997995,2026-04-03T14.59.32.1725319-LCTW01514-8374-DMT104-TTB628-DMTDUMMY.xml,2026-04-03T06.06.17.3745141-LCTW01514-8374-TFK657-TTB628-METDUMMY.xml
AANBD258TEF7,0.0,126.0,0.0067,127.428,11377.94,11366.799805,1.4280157177006112,11.140194999999949,2026-04-03T14.59.32.1725319-LCTW01514-8374-DMT104-TTB628-DMTDUMMY.xml,2026-04-03T06.06.17.3745141-LCTW01514-8374-TFK657-TTB628-METDUMMY.xml
AANBD258TEF7,0.0,-135.0,0.0067,-134.7529999,11344.68,11340.599609,0.24709095369926845,4.0803909999995085,2026-04-03T14.59.32.1725319-LCTW01514-8374-DMT104-TTB628-DMTDUMMY.xml,2026-04-03T06.06.17.3745141-LCTW01514-8374-TFK657-TTB628-METDUMMY.xml
AANBD258TEF7,-96.0,96.0,-96.51,96.51,11351.1,11342.900391,0.7212489168102857,8.199609000001146,2026-04-03T14.59.32.1725319-LCTW01514-8374-DMT104-TTB628-DMTDUMMY.xml,2026-04-03T06.06.17.3745141-LCTW01514-8374-TFK657-TTB628-METDUMMY.xml
AANBD258TEF7,96.0,-96.0,96.51,-96.51,11344.6,11334.200195,0.7212489168102857,10.399805000000924,2026-04-03T14.59.32.1725319-LCTW01514-8374-DMT104-TTB628-DMTDUMMY.xml,2026-04-03T06.06.17.3745141-LCTW01514-8374-TFK657-TTB628-METDUMMY.xml
AANBD258TEF7,135.0,18.0,136.2,19.3019,11345.01,11334.400391,1.7705771968485227,10.609609000001,2026-04-03T14.59.32.1725319-LCTW01514-8374-DMT104-TTB628-DMTDUMMY.xml,2026-04-03T06.06.17.3745141-LCTW01514-8374-TFK657-TTB628-METDUMMY.xml
AANBD258TEF7,72.0,126.0,71.2039,127.428,11342.9,11346.599609,1.6349187166339447,-3.6996090000011463,2026-04-03T14.59.32.1725319-LCTW01514-8374-DMT104-TTB628-DMTDUMMY.xml,2026-04-03T06.06.17.3745141-LCTW01514-8374-TFK657-TTB628-METDUMMY.xml
AANBD258TEF7,141.0,-36.0,142.401,-36.4348,11335.94,11359.900391,1.466919234313884,-23.960390999998708,2026-04-03T14.59.32.1725319-LCTW01514-8374-DMT104-TTB628-DMTDUMMY.xml,2026-04-03T06.06.17.3745141-LCTW01514-8374-TFK657-TTB628-METDUMMY.xml
AANBD258TEF7,-135.0,-57.0,-136.2,-57.9062,11457.1,11434.5,1.503728180224062,22.600000000000364,2026-04-03T14.59.32.1725319-LCTW01514-8374-DMT104-TTB628-DMTDUMMY.xml,2026-04-03T06.06.17.3745141-LCTW01514-8374-TFK657-TTB628-METDUMMY.xml
AANBD258TEF7,-135.0,57.0,-136.2,57.9062,11477.65,11457.700195,1.503728180224062,19.949805000000197,2026-04-03T14.59.32.1725319-LCTW01514-8374-DMT104-TTB628-DMTDUMMY.xml,2026-04-03T06.06.17.3745141-LCTW01514-8374-TFK657-TTB628-METDUMMY.xml
AANBD258TEF7,-57.0,-135.0,-57.9062,-136.2,11465.7,11443.200195,1.503728180224062,22.499805000001288,2026-04-03T14.59.32.1725319-LCTW01514-8374-DMT104-TTB628-DMTDUMMY.xml,2026-04-03T06.06.17.3745141-LCTW01514-8374-TFK657-TTB628-METDUMMY.xml
AANBD258TEF7,-57.0,135.0,-57.9062,136.2,11495.06,11482.200195,1.503728180224062,12.859805000000051,2026-04-03T14.59.32.1725319-LCTW01514-8374-DMT104-TTB628-DMTDUMMY.xml,2026-04-03T06.06.17.3745141-LCTW01514-8374-TFK657-TTB628-METDUMMY.xml
AANBD258TEF7,57.0,-135.0,57.9062,-136.2,11475.17,11457.599609,1.503728180224062,17.57039099999929,2026-04-03T14.59.32.1725319-LCTW01514-8374-DMT104-TTB628-DMTDUMMY.xml,2026-04-03T06.06.17.3745141-LCTW01514-8374-TFK657-TTB628-METDUMMY.xml
AANBD134TEC7,0.0,0.0,0.0067,-3.6622,11567.81,11548.400391,3.6622061288245367,19.409609000000273,2026-04-05T11.32.16.7863347-LCTW01512-8374-DMT104-TTG624-DMTDUMMY.xml,2026-04-05T10.27.27.5735424-LCTW01512-8374-TFK554-TTG624-27TFKCUDUMMY.xml
AANBD134TEC7,18.0,18.0,19.3019,19.3019,11533.18,11518.200195,1.8411646368535322,14.979805000000852,2026-04-05T11.32.16.7863347-LCTW01512-8374-DMT104-TTG624-DMTDUMMY.xml,2026-04-05T10.27.27.5735424-LCTW01512-8374-TFK554-TTG624-27TFKCUDUMMY.xml
AANBD134TEC7,18.0,-21.0,19.3019,-19.3019,11536.14,11520.599609,2.1397399888771536,15.540390999998635,2026-04-05T11.32.16.7863347-LCTW01512-8374-DMT104-TTG624-DMTDUMMY.xml,2026-04-05T10.27.27.5735424-LCTW01512-8374-TFK554-TTG624-27TFKCUDUMMY.xml
AANBD134TEC7,-48.0,-36.0,-47.4578,-36.4348,11492.09,11478.099609,0.6950049496226653,13.990390999999363,2026-04-05T11.32.16.7863347-LCTW01512-8374-DMT104-TTG624-DMTDUMMY.xml,2026-04-05T10.27.27.5735424-LCTW01512-8374-TFK554-TTG624-27TFKCUDUMMY.xml
AANBD134TEC7,-57.0,18.0,-57.9062,19.3019,11487.66,11469.099609,1.5862351811758546,18.560390999999072,2026-04-05T11.32.16.7863347-LCTW01512-8374-DMT104-TTG624-DMTDUMMY.xml,2026-04-05T10.27.27.5735424-LCTW01512-8374-TFK554-TTG624-27TFKCUDUMMY.xml
AANBD134TEC7,-18.0,-57.0,-19.3019,-57.9062,11489.13,11473.400391,1.5862351811758546,15.729608999999982,2026-04-05T11.32.16.7863347-LCTW01512-8374-DMT104-TTG624-DMTDUMMY.xml,2026-04-05T10.27.27.5735424-LCTW01512-8374-TFK554-TTG624-27TFKCUDUMMY.xml
AANBD134TEC7,-18.0,57.0,-19.3019,57.9062,11488.35,11471.599609,1.5862351811758546,16.75039099999958,2026-04-05T11.32.16.7863347-LCTW01512-8374-DMT104-TTG624-DMTDUMMY.xml,2026-04-05T10.27.27.5735424-LCTW01512-8374-TFK554-TTG624-27TFKCUDUMMY.xml
AANBD134TEC7,72.0,-3.0,71.2039,-3.6622,11454.61,11442.099609,1.035511491969062,12.5103909999998,2026-04-05T11.32.16.7863347-LCTW01512-8374-DMT104-TTG624-DMTDUMMY.xml,2026-04-05T10.27.27.5735424-LCTW01512-8374-TFK554-TTG624-27TFKCUDUMMY.xml
AANBD134TEC7,57.0,57.0,57.9062,57.9062,11442.53,11425.799805,1.2815603302224963,16.730195000000094,2026-04-05T11.32.16.7863347-LCTW01512-8374-DMT104-TTG624-DMTDUMMY.xml,2026-04-05T10.27.27.5735424-LCTW01512-8374-TFK554-TTG624-27TFKCUDUMMY.xml
AANBD134TEC7,-72.0,63.0,-71.1902,61.8829,11418.98,11409.0,1.37974216794298,9.979999999999563,2026-04-05T11.32.16.7863347-LCTW01512-8374-DMT104-TTG624-DMTDUMMY.xml,2026-04-05T10.27.27.5735424-LCTW01512-8374-TFK554-TTG624-27TFKCUDUMMY.xml
AANBD134TEC7,18.0,-96.0,19.3019,-96.51,11413.86,11400.799805,1.398228740228152,13.060195000000022,2026-04-05T11.32.16.7863347-LCTW01512-8374-DMT104-TTG624-DMTDUMMY.xml,2026-04-05T10.27.27.5735424-LCTW01512-8374-TFK554-TTG624-27TFKCUDUMMY.xml
AANBD134TEC7,18.0,96.0,19.3019,96.51,11410.29,11399.5,1.398228740228152,10.790000000000873,2026-04-05T11.32.16.7863347-LCTW01512-8374-DMT104-TTG624-DMTDUMMY.xml,2026-04-05T10.27.27.5735424-LCTW01512-8374-TFK554-TTG624-27TFKCUDUMMY.xml
AANBD134TEC7,96.0,18.0,96.51,19.3019,11413.0,11397.400391,1.398228740228152,15.599609000000783,2026-04-05T11.32.16.7863347-LCTW01512-8374-DMT104-TTG624-DMTDUMMY.xml,2026-04-05T10.27.27.5735424-LCTW01512-8374-TFK554-TTG624-27TFKCUDUMMY.xml
AANBD134TEC7,72.0,-69.0,71.2039,-69.2075,11409.29,11397.299805,0.8226976722952309,11.990195000000313,2026-04-05T11.32.16.7863347-LCTW01512-8374-DMT104-TTG624-DMTDUMMY.xml,2026-04-05T10.27.27.5735424-LCTW01512-8374-TFK554-TTG624-27TFKCUDUMMY.xml
AANBD134TEC7,-96.0,-57.0,-96.51,-57.9062,11387.36,11372.5,1.0398550091238692,14.860000000000582,2026-04-05T11.32.16.7863347-LCTW01512-8374-DMT104-TTG624-DMTDUMMY.xml,2026-04-05T10.27.27.5735424-LCTW01512-8374-TFK554-TTG624-27TFKCUDUMMY.xml
AANBD134TEC7,-57.0,-96.0,-57.9062,-96.51,11387.74,11378.5,1.0398550091238692,9.239999999999782,2026-04-05T11.32.16.7863347-LCTW01512-8374-DMT104-TTG624-DMTDUMMY.xml,2026-04-05T10.27.27.5735424-LCTW01512-8374-TFK554-TTG624-27TFKCUDUMMY.xml
AANBD134TEC7,-57.0,96.0,-57.9062,96.51,11386.03,11376.799805,1.0398550091238692,9.230195000000094,2026-04-05T11.32.16.7863347-LCTW01512-8374-DMT104-TTG624-DMTDUMMY.xml,2026-04-05T10.27.27.5735424-LCTW01512-8374-TFK554-TTG624-27TFKCUDUMMY.xml
AANBD134TEC7,96.0,63.0,94.9361,61.8829,11381.12,11374.5,1.5426586206935122,6.6200000000008,2026-04-05T11.32.16.7863347-LCTW01512-8374-DMT104-TTG624-DMTDUMMY.xml,2026-04-05T10.27.27.5735424-LCTW01512-8374-TFK554-TTG624-27TFKCUDUMMY.xml
AANBD134TEC7,-120.0,-3.0,-118.655,-3.6622,11370.22,11363.200195,1.4991777212859043,7.019804999999906,2026-04-05T11.32.16.7863347-LCTW01512-8374-DMT104-TTG624-DMTDUMMY.xml,2026-04-05T10.27.27.5735424-LCTW01512-8374-TFK554-TTG624-27TFKCUDUMMY.xml
AANBD134TEC7,0.0,126.0,0.0067,127.428,11362.25,11345.0,1.4280157177006112,17.25,2026-04-05T11.32.16.7863347-LCTW01512-8374-DMT104-TTG624-DMTDUMMY.xml,2026-04-05T10.27.27.5735424-LCTW01512-8374-TFK554-TTG624-27TFKCUDUMMY.xml
AANBD134TEC7,0.0,-135.0,0.0067,-134.7529999,11335.44,11326.700195,0.24709095369926845,8.73980500000107,2026-04-05T11.32.16.7863347-LCTW01512-8374-DMT104-TTG624-DMTDUMMY.xml,2026-04-05T10.27.27.5735424-LCTW01512-8374-TFK554-TTG624-27TFKCUDUMMY.xml
AANBD134TEC7,-96.0,96.0,-96.51,96.51,11338.92,11324.0,0.7212489168102857,14.920000000000073,2026-04-05T11.32.16.7863347-LCTW01512-8374-DMT104-TTG624-DMTDUMMY.xml,2026-04-05T10.27.27.5735424-LCTW01512-8374-TFK554-TTG624-27TFKCUDUMMY.xml
AANBD134TEC7,96.0,-96.0,96.51,-96.51,11337.51,11321.200195,0.7212489168102857,16.30980500000078,2026-04-05T11.32.16.7863347-LCTW01512-8374-DMT104-TTG624-DMTDUMMY.xml,2026-04-05T10.27.27.5735424-LCTW01512-8374-TFK554-TTG624-27TFKCUDUMMY.xml
AANBD134TEC7,135.0,18.0,136.2,19.3019,11330.15,11315.599609,1.7705771968485227,14.550390999998854,2026-04-05T11.32.16.7863347-LCTW01512-8374-DMT104-TTG624-DMTDUMMY.xml,2026-04-05T10.27.27.5735424-LCTW01512-8374-TFK554-TTG624-27TFKCUDUMMY.xml
AANBD134TEC7,72.0,126.0,71.2039,127.428,11320.84,11318.5,1.6349187166339447,2.3400000000001455,2026-04-05T11.32.16.7863347-LCTW01512-8374-DMT104-TTG624-DMTDUMMY.xml,2026-04-05T10.27.27.5735424-LCTW01512-8374-TFK554-TTG624-27TFKCUDUMMY.xml
AANBD134TEC7,141.0,-36.0,142.401,-36.4348,11319.08,11345.299805,1.466919234313884,-26.219805000000633,2026-04-05T11.32.16.7863347-LCTW01512-8374-DMT104-TTG624-DMTDUMMY.xml,2026-04-05T10.27.27.5735424-LCTW01512-8374-TFK554-TTG624-27TFKCUDUMMY.xml
AANBD134TEC7,-135.0,-57.0,-136.2,-57.9062,11464.46,11455.299805,1.503728180224062,9.160194999998566,2026-04-05T11.32.16.7863347-LCTW01512-8374-DMT104-TTG624-DMTDUMMY.xml,2026-04-05T10.27.27.5735424-LCTW01512-8374-TFK554-TTG624-27TFKCUDUMMY.xml
AANBD134TEC7,-135.0,57.0,-136.2,57.9062,11472.72,11449.5,1.503728180224062,23.219999999999345,2026-04-05T11.32.16.7863347-LCTW01512-8374-DMT104-TTG624-DMTDUMMY.xml,2026-04-05T10.27.27.5735424-LCTW01512-8374-TFK554-TTG624-27TFKCUDUMMY.xml
AANBD134TEC7,-57.0,-135.0,-57.9062,-136.2,11464.34,11467.900391,1.503728180224062,-3.560390999999072,2026-04-05T11.32.16.7863347-LCTW01512-8374-DMT104-TTG624-DMTDUMMY.xml,2026-04-05T10.27.27.5735424-LCTW01512-8374-TFK554-TTG624-27TFKCUDUMMY.xml
AANBD134TEC7,-57.0,135.0,-57.9062,136.2,11477.26,11456.5,1.503728180224062,20.76000000000022,2026-04-05T11.32.16.7863347-LCTW01512-8374-DMT104-TTG624-DMTDUMMY.xml,2026-04-05T10.27.27.5735424-LCTW01512-8374-TFK554-TTG624-27TFKCUDUMMY.xml
AANBD134TEC7,57.0,-135.0,57.9062,-136.2,11468.55,11474.5,1.503728180224062,-5.950000000000728,2026-04-05T11.32.16.7863347-LCTW01512-8374-DMT104-TTG624-DMTDUMMY.xml,2026-04-05T10.27.27.5735424-LCTW01512-8374-TFK554-TTG624-27TFKCUDUMMY.xml
AANBD221TEG7,0.0,0.0,0.0067,-3.6622,11570.83,11548.599609,3.6622061288245367,22.230390999999145,2026-04-05T11.32.16.7863347-LCTW01512-8374-DMT104-TTG624-DMTDUMMY.xml,2026-04-05T10.27.27.5735424-LCTW01512-8374-TFK554-TTG624-27TFKCUDUMMY.xml
AANBD221TEG7,18.0,18.0,19.3019,19.3019,11534.57,11515.700195,1.8411646368535322,18.86980500000027,2026-04-05T11.32.16.7863347-LCTW01512-8374-DMT104-TTG624-DMTDUMMY.xml,2026-04-05T10.27.27.5735424-LCTW01512-8374-TFK554-TTG624-27TFKCUDUMMY.xml
AANBD221TEG7,18.0,-21.0,19.3019,-19.3019,11529.2,11512.5,2.1397399888771536,16.700000000000728,2026-04-05T11.32.16.7863347-LCTW01512-8374-DMT104-TTG624-DMTDUMMY.xml,2026-04-05T10.27.27.5735424-LCTW01512-8374-TFK554-TTG624-27TFKCUDUMMY.xml
AANBD221TEG7,-48.0,-36.0,-47.4578,-36.4348,11483.58,11470.200195,0.6950049496226653,13.379805000000488,2026-04-05T11.32.16.7863347-LCTW01512-8374-DMT104-TTG624-DMTDUMMY.xml,2026-04-05T10.27.27.5735424-LCTW01512-8374-TFK554-TTG624-27TFKCUDUMMY.xml
AANBD221TEG7,-57.0,18.0,-57.9062,19.3019,11483.43,11466.0,1.5862351811758546,17.43000000000029,2026-04-05T11.32.16.7863347-LCTW01512-8374-DMT104-TTG624-DMTDUMMY.xml,2026-04-05T10.27.27.5735424-LCTW01512-8374-TFK554-TTG624-27TFKCUDUMMY.xml
AANBD221TEG7,-18.0,-57.0,-19.3019,-57.9062,11477.16,11457.599609,1.5862351811758546,19.560390999999072,2026-04-05T11.32.16.7863347-LCTW01512-8374-DMT104-TTG624-DMTDUMMY.xml,2026-04-05T10.27.27.5735424-LCTW01512-8374-TFK554-TTG624-27TFKCUDUMMY.xml
AANBD221TEG7,-18.0,57.0,-19.3019,57.9062,11478.86,11458.299805,1.5862351811758546,20.56019500000002,2026-04-05T11.32.16.7863347-LCTW01512-8374-DMT104-TTG624-DMTDUMMY.xml,2026-04-05T10.27.27.5735424-LCTW01512-8374-TFK554-TTG624-27TFKCUDUMMY.xml
AANBD221TEG7,72.0,-3.0,71.2039,-3.6622,11448.25,11436.0,1.035511491969062,12.25,2026-04-05T11.32.16.7863347-LCTW01512-8374-DMT104-TTG624-DMTDUMMY.xml,2026-04-05T10.27.27.5735424-LCTW01512-8374-TFK554-TTG624-27TFKCUDUMMY.xml
AANBD221TEG7,57.0,57.0,57.9062,57.9062,11437.17,11421.700195,1.2815603302224963,15.469805000000633,2026-04-05T11.32.16.7863347-LCTW01512-8374-DMT104-TTG624-DMTDUMMY.xml,2026-04-05T10.27.27.5735424-LCTW01512-8374-TFK554-TTG624-27TFKCUDUMMY.xml
AANBD221TEG7,-72.0,63.0,-71.1902,61.8829,11417.01,11404.799805,1.37974216794298,12.210194999999658,2026-04-05T11.32.16.7863347-LCTW01512-8374-DMT104-TTG624-DMTDUMMY.xml,2026-04-05T10.27.27.5735424-LCTW01512-8374-TFK554-TTG624-27TFKCUDUMMY.xml
AANBD221TEG7,18.0,-96.0,19.3019,-96.51,11408.59,11396.099609,1.398228740228152,12.490390999999363,2026-04-05T11.32.16.7863347-LCTW01512-8374-DMT104-TTG624-DMTDUMMY.xml,2026-04-05T10.27.27.5735424-LCTW01512-8374-TFK554-TTG624-27TFKCUDUMMY.xml
AANBD221TEG7,18.0,96.0,19.3019,96.51,11409.85,11393.700195,1.398228740228152,16.149805000000924,2026-04-05T11.32.16.7863347-LCTW01512-8374-DMT104-TTG624-DMTDUMMY.xml,2026-04-05T10.27.27.5735424-LCTW01512-8374-TFK554-TTG624-27TFKCUDUMMY.xml
AANBD221TEG7,96.0,18.0,96.51,19.3019,11407.98,11394.400391,1.398228740228152,13.579609000000346,2026-04-05T11.32.16.7863347-LCTW01512-8374-DMT104-TTG624-DMTDUMMY.xml,2026-04-05T10.27.27.5735424-LCTW01512-8374-TFK554-TTG624-27TFKCUDUMMY.xml
AANBD221TEG7,72.0,-69.0,71.2039,-69.2075,11406.71,11401.599609,0.8226976722952309,5.110390999998344,2026-04-05T11.32.16.7863347-LCTW01512-8374-DMT104-TTG624-DMTDUMMY.xml,2026-04-05T10.27.27.5735424-LCTW01512-8374-TFK554-TTG624-27TFKCUDUMMY.xml
AANBD221TEG7,-96.0,-57.0,-96.51,-57.9062,11382.01,11371.900391,1.0398550091238692,10.109609000001,2026-04-05T11.32.16.7863347-LCTW01512-8374-DMT104-TTG624-DMTDUMMY.xml,2026-04-05T10.27.27.5735424-LCTW01512-8374-TFK554-TTG624-27TFKCUDUMMY.xml
AANBD221TEG7,-57.0,-96.0,-57.9062,-96.51,11384.32,11371.0,1.0398550091238692,13.319999999999709,2026-04-05T11.32.16.7863347-LCTW01512-8374-DMT104-TTG624-DMTDUMMY.xml,2026-04-05T10.27.27.5735424-LCTW01512-8374-TFK554-TTG624-27TFKCUDUMMY.xml
AANBD221TEG7,-57.0,96.0,-57.9062,96.51,11387.46,11374.299805,1.0398550091238692,13.160194999998566,2026-04-05T11.32.16.7863347-LCTW01512-8374-DMT104-TTG624-DMTDUMMY.xml,2026-04-05T10.27.27.5735424-LCTW01512-8374-TFK554-TTG624-27TFKCUDUMMY.xml
AANBD221TEG7,96.0,63.0,94.9361,61.8829,11380.11,11372.0,1.5426586206935122,8.110000000000582,2026-04-05T11.32.16.7863347-LCTW01512-8374-DMT104-TTG624-DMTDUMMY.xml,2026-04-05T10.27.27.5735424-LCTW01512-8374-TFK554-TTG624-27TFKCUDUMMY.xml
AANBD221TEG7,-120.0,-3.0,-118.655,-3.6622,11371.85,11361.599609,1.4991777212859043,10.250390999999581,2026-04-05T11.32.16.7863347-LCTW01512-8374-DMT104-TTG624-DMTDUMMY.xml,2026-04-05T10.27.27.5735424-LCTW01512-8374-TFK554-TTG624-27TFKCUDUMMY.xml
AANBD221TEG7,0.0,126.0,0.0067,127.428,11359.44,11341.900391,1.4280157177006112,17.539609000001292,2026-04-05T11.32.16.7863347-LCTW01512-8374-DMT104-TTG624-DMTDUMMY.xml,2026-04-05T10.27.27.5735424-LCTW01512-8374-TFK554-TTG624-27TFKCUDUMMY.xml
AANBD221TEG7,0.0,-135.0,0.0067,-134.7529999,11333.85,11323.299805,0.24709095369926845,10.550194999999803,2026-04-05T11.32.16.7863347-LCTW01512-8374-DMT104-TTG624-DMTDUMMY.xml,2026-04-05T10.27.27.5735424-LCTW01512-8374-TFK554-TTG624-27TFKCUDUMMY.xml
AANBD221TEG7,-96.0,96.0,-96.51,96.51,11340.34,11324.400391,0.7212489168102857,15.939609000000928,2026-04-05T11.32.16.7863347-LCTW01512-8374-DMT104-TTG624-DMTDUMMY.xml,2026-04-05T10.27.27.5735424-LCTW01512-8374-TFK554-TTG624-27TFKCUDUMMY.xml
AANBD221TEG7,96.0,-96.0,96.51,-96.51,11333.21,11316.900391,0.7212489168102857,16.30960899999991,2026-04-05T11.32.16.7863347-LCTW01512-8374-DMT104-TTG624-DMTDUMMY.xml,2026-04-05T10.27.27.5735424-LCTW01512-8374-TFK554-TTG624-27TFKCUDUMMY.xml
AANBD221TEG7,135.0,18.0,136.2,19.3019,11328.21,11311.900391,1.7705771968485227,16.30960899999991,2026-04-05T11.32.16.7863347-LCTW01512-8374-DMT104-TTG624-DMTDUMMY.xml,2026-04-05T10.27.27.5735424-LCTW01512-8374-TFK554-TTG624-27TFKCUDUMMY.xml
AANBD221TEG7,72.0,126.0,71.2039,127.428,11313.74,11313.700195,1.6349187166339447,0.03980500000034226,2026-04-05T11.32.16.7863347-LCTW01512-8374-DMT104-TTG624-DMTDUMMY.xml,2026-04-05T10.27.27.5735424-LCTW01512-8374-TFK554-TTG624-27TFKCUDUMMY.xml
AANBD221TEG7,141.0,-36.0,142.401,-36.4348,11315.02,11340.599609,1.466919234313884,-25.579609000000346,2026-04-05T11.32.16.7863347-LCTW01512-8374-DMT104-TTG624-DMTDUMMY.xml,2026-04-05T10.27.27.5735424-LCTW01512-8374-TFK554-TTG624-27TFKCUDUMMY.xml
AANBD221TEG7,-135.0,-57.0,-136.2,-57.9062,11460.75,11444.400391,1.503728180224062,16.349609000000783,2026-04-05T11.32.16.7863347-LCTW01512-8374-DMT104-TTG624-DMTDUMMY.xml,2026-04-05T10.27.27.5735424-LCTW01512-8374-TFK554-TTG624-27TFKCUDUMMY.xml
AANBD221TEG7,-135.0,57.0,-136.2,57.9062,11463.4,11448.599609,1.503728180224062,14.800390999998854,2026-04-05T11.32.16.7863347-LCTW01512-8374-DMT104-TTG624-DMTDUMMY.xml,2026-04-05T10.27.27.5735424-LCTW01512-8374-TFK554-TTG624-27TFKCUDUMMY.xml
AANBD221TEG7,-57.0,-135.0,-57.9062,-136.2,11467.52,11460.400391,1.503728180224062,7.119609000001219,2026-04-05T11.32.16.7863347-LCTW01512-8374-DMT104-TTG624-DMTDUMMY.xml,2026-04-05T10.27.27.5735424-LCTW01512-8374-TFK554-TTG624-27TFKCUDUMMY.xml
AANBD221TEG7,-57.0,135.0,-57.9062,136.2,11473.04,11456.700195,1.503728180224062,16.339805000001434,2026-04-05T11.32.16.7863347-LCTW01512-8374-DMT104-TTG624-DMTDUMMY.xml,2026-04-05T10.27.27.5735424-LCTW01512-8374-TFK554-TTG624-27TFKCUDUMMY.xml
AANBD221TEG7,57.0,-135.0,57.9062,-136.2,11468.53,11467.799805,1.503728180224062,0.7301950000000943,2026-04-05T11.32.16.7863347-LCTW01512-8374-DMT104-TTG624-DMTDUMMY.xml,2026-04-05T10.27.27.5735424-LCTW01512-8374-TFK554-TTG624-27TFKCUDUMMY.xml
AANBD198TEC5,0.0,0.0,0.0067,-3.6622,11539.89,11516.400391,3.6622061288245367,23.4896090000002,2026-04-05T11.32.16.7863347-LCTW01512-8374-DMT104-TTG624-DMTDUMMY.xml,2026-04-05T10.27.27.5735424-LCTW01512-8374-TFK554-TTG624-27TFKCUDUMMY.xml
AANBD198TEC5,18.0,18.0,19.3019,19.3019,11498.63,11476.599609,1.8411646368535322,22.030390999998417,2026-04-05T11.32.16.7863347-LCTW01512-8374-DMT104-TTG624-DMTDUMMY.xml,2026-04-05T10.27.27.5735424-LCTW01512-8374-TFK554-TTG624-27TFKCUDUMMY.xml
AANBD198TEC5,18.0,-21.0,19.3019,-19.3019,11484.98,11471.299805,2.1397399888771536,13.680194999999003,2026-04-05T11.32.16.7863347-LCTW01512-8374-DMT104-TTG624-DMTDUMMY.xml,2026-04-05T10.27.27.5735424-LCTW01512-8374-TFK554-TTG624-27TFKCUDUMMY.xml
AANBD198TEC5,-48.0,-36.0,-47.4578,-36.4348,11458.09,11444.400391,0.6950049496226653,13.689609000000928,2026-04-05T11.32.16.7863347-LCTW01512-8374-DMT104-TTG624-DMTDUMMY.xml,2026-04-05T10.27.27.5735424-LCTW01512-8374-TFK554-TTG624-27TFKCUDUMMY.xml
AANBD198TEC5,-57.0,18.0,-57.9062,19.3019,11450.75,11433.0,1.5862351811758546,17.75,2026-04-05T11.32.16.7863347-LCTW01512-8374-DMT104-TTG624-DMTDUMMY.xml,2026-04-05T10.27.27.5735424-LCTW01512-8374-TFK554-TTG624-27TFKCUDUMMY.xml
AANBD198TEC5,-18.0,-57.0,-19.3019,-57.9062,11452.36,11438.799805,1.5862351811758546,13.560195000000022,2026-04-05T11.32.16.7863347-LCTW01512-8374-DMT104-TTG624-DMTDUMMY.xml,2026-04-05T10.27.27.5735424-LCTW01512-8374-TFK554-TTG624-27TFKCUDUMMY.xml
AANBD198TEC5,-18.0,57.0,-19.3019,57.9062,11449.03,11433.5,1.5862351811758546,15.530000000000655,2026-04-05T11.32.16.7863347-LCTW01512-8374-DMT104-TTG624-DMTDUMMY.xml,2026-04-05T10.27.27.5735424-LCTW01512-8374-TFK554-TTG624-27TFKCUDUMMY.xml
AANBD198TEC5,72.0,-3.0,71.2039,-3.6622,11409.88,11398.0,1.035511491969062,11.8799999999992,2026-04-05T11.32.16.7863347-LCTW01512-8374-DMT104-TTG624-DMTDUMMY.xml,2026-04-05T10.27.27.5735424-LCTW01512-8374-TFK554-TTG624-27TFKCUDUMMY.xml
AANBD198TEC5,57.0,57.0,57.9062,57.9062,11395.51,11381.0,1.2815603302224963,14.510000000000218,2026-04-05T11.32.16.7863347-LCTW01512-8374-DMT104-TTG624-DMTDUMMY.xml,2026-04-05T10.27.27.5735424-LCTW01512-8374-TFK554-TTG624-27TFKCUDUMMY.xml
AANBD198TEC5,-72.0,63.0,-71.1902,61.8829,11371.52,11360.299805,1.37974216794298,11.220194999999876,2026-04-05T11.32.16.7863347-LCTW01512-8374-DMT104-TTG624-DMTDUMMY.xml,2026-04-05T10.27.27.5735424-LCTW01512-8374-TFK554-TTG624-27TFKCUDUMMY.xml
AANBD198TEC5,18.0,-96.0,19.3019,-96.51,11372.48,11361.200195,1.398228740228152,11.279805000000124,2026-04-05T11.32.16.7863347-LCTW01512-8374-DMT104-TTG624-DMTDUMMY.xml,2026-04-05T10.27.27.5735424-LCTW01512-8374-TFK554-TTG624-27TFKCUDUMMY.xml
AANBD198TEC5,18.0,96.0,19.3019,96.51,11370.75,11355.799805,1.398228740228152,14.95019499999944,2026-04-05T11.32.16.7863347-LCTW01512-8374-DMT104-TTG624-DMTDUMMY.xml,2026-04-05T10.27.27.5735424-LCTW01512-8374-TFK554-TTG624-27TFKCUDUMMY.xml
AANBD198TEC5,96.0,18.0,96.51,19.3019,11362.95,11353.700195,1.398228740228152,9.249805000001288,2026-04-05T11.32.16.7863347-LCTW01512-8374-DMT104-TTG624-DMTDUMMY.xml,2026-04-05T10.27.27.5735424-LCTW01512-8374-TFK554-TTG624-27TFKCUDUMMY.xml
AANBD198TEC5,72.0,-69.0,71.2039,-69.2075,11365.83,11357.099609,0.8226976722952309,8.730390999999145,2026-04-05T11.32.16.7863347-LCTW01512-8374-DMT104-TTG624-DMTDUMMY.xml,2026-04-05T10.27.27.5735424-LCTW01512-8374-TFK554-TTG624-27TFKCUDUMMY.xml
AANBD198TEC5,-96.0,-57.0,-96.51,-57.9062,11343.54,11331.299805,1.0398550091238692,12.240195000000313,2026-04-05T11.32.16.7863347-LCTW01512-8374-DMT104-TTG624-DMTDUMMY.xml,2026-04-05T10.27.27.5735424-LCTW01512-8374-TFK554-TTG624-27TFKCUDUMMY.xml
AANBD198TEC5,-57.0,-96.0,-57.9062,-96.51,11348.34,11331.0,1.0398550091238692,17.340000000000146,2026-04-05T11.32.16.7863347-LCTW01512-8374-DMT104-TTG624-DMTDUMMY.xml,2026-04-05T10.27.27.5735424-LCTW01512-8374-TFK554-TTG624-27TFKCUDUMMY.xml
AANBD198TEC5,-57.0,96.0,-57.9062,96.51,11342.55,11330.099609,1.0398550091238692,12.45039099999849,2026-04-05T11.32.16.7863347-LCTW01512-8374-DMT104-TTG624-DMTDUMMY.xml,2026-04-05T10.27.27.5735424-LCTW01512-8374-TFK554-TTG624-27TFKCUDUMMY.xml
AANBD198TEC5,96.0,63.0,94.9361,61.8829,11334.99,11326.200195,1.5426586206935122,8.789805000000342,2026-04-05T11.32.16.7863347-LCTW01512-8374-DMT104-TTG624-DMTDUMMY.xml,2026-04-05T10.27.27.5735424-LCTW01512-8374-TFK554-TTG624-27TFKCUDUMMY.xml
AANBD198TEC5,-120.0,-3.0,-118.655,-3.6622,11326.48,11319.5,1.4991777212859043,6.979999999999563,2026-04-05T11.32.16.7863347-LCTW01512-8374-DMT104-TTG624-DMTDUMMY.xml,2026-04-05T10.27.27.5735424-LCTW01512-8374-TFK554-TTG624-27TFKCUDUMMY.xml
AANBD198TEC5,0.0,126.0,0.0067,127.428,11315.58,11302.900391,1.4280157177006112,12.67960900000071,2026-04-05T11.32.16.7863347-LCTW01512-8374-DMT104-TTG624-DMTDUMMY.xml,2026-04-05T10.27.27.5735424-LCTW01512-8374-TFK554-TTG624-27TFKCUDUMMY.xml
AANBD198TEC5,0.0,-135.0,0.0067,-134.7529999,11298.34,11286.900391,0.24709095369926845,11.439609000000928,2026-04-05T11.32.16.7863347-LCTW01512-8374-DMT104-TTG624-DMTDUMMY.xml,2026-04-05T10.27.27.5735424-LCTW01512-8374-TFK554-TTG624-27TFKCUDUMMY.xml
AANBD198TEC5,-96.0,96.0,-96.51,96.51,11291.27,11275.900391,0.7212489168102857,15.369609000001219,2026-04-05T11.32.16.7863347-LCTW01512-8374-DMT104-TTG624-DMTDUMMY.xml,2026-04-05T10.27.27.5735424-LCTW01512-8374-TFK554-TTG624-27TFKCUDUMMY.xml
AANBD198TEC5,96.0,-96.0,96.51,-96.51,11292.61,11280.299805,0.7212489168102857,12.310195000000022,2026-04-05T11.32.16.7863347-LCTW01512-8374-DMT104-TTG624-DMTDUMMY.xml,2026-04-05T10.27.27.5735424-LCTW01512-8374-TFK554-TTG624-27TFKCUDUMMY.xml
AANBD198TEC5,135.0,18.0,136.2,19.3019,11286.24,11267.900391,1.7705771968485227,18.339609000000564,2026-04-05T11.32.16.7863347-LCTW01512-8374-DMT104-TTG624-DMTDUMMY.xml,2026-04-05T10.27.27.5735424-LCTW01512-8374-TFK554-TTG624-27TFKCUDUMMY.xml
AANBD198TEC5,72.0,126.0,71.2039,127.428,11284.43,11282.900391,1.6349187166339447,1.5296090000010736,2026-04-05T11.32.16.7863347-LCTW01512-8374-DMT104-TTG624-DMTDUMMY.xml,2026-04-05T10.27.27.5735424-LCTW01512-8374-TFK554-TTG624-27TFKCUDUMMY.xml
AANBD198TEC5,141.0,-36.0,142.401,-36.4348,11279.79,11301.900391,1.466919234313884,-22.110390999998344,2026-04-05T11.32.16.7863347-LCTW01512-8374-DMT104-TTG624-DMTDUMMY.xml,2026-04-05T10.27.27.5735424-LCTW01512-8374-TFK554-TTG624-27TFKCUDUMMY.xml
AANBD198TEC5,-135.0,-57.0,-136.2,-57.9062,11431.87,11415.099609,1.503728180224062,16.770391000000018,2026-04-05T11.32.16.7863347-LCTW01512-8374-DMT104-TTG624-DMTDUMMY.xml,2026-04-05T10.27.27.5735424-LCTW01512-8374-TFK554-TTG624-27TFKCUDUMMY.xml
AANBD198TEC5,-135.0,57.0,-136.2,57.9062,11435.29,11413.900391,1.503728180224062,21.389609000001656,2026-04-05T11.32.16.7863347-LCTW01512-8374-DMT104-TTG624-DMTDUMMY.xml,2026-04-05T10.27.27.5735424-LCTW01512-8374-TFK554-TTG624-27TFKCUDUMMY.xml
AANBD198TEC5,-57.0,-135.0,-57.9062,-136.2,11431.09,11421.200195,1.503728180224062,9.889805000000706,2026-04-05T11.32.16.7863347-LCTW01512-8374-DMT104-TTG624-DMTDUMMY.xml,2026-04-05T10.27.27.5735424-LCTW01512-8374-TFK554-TTG624-27TFKCUDUMMY.xml
AANBD198TEC5,-57.0,135.0,-57.9062,136.2,11440.51,11414.799805,1.503728180224062,25.710194999999658,2026-04-05T11.32.16.7863347-LCTW01512-8374-DMT104-TTG624-DMTDUMMY.xml,2026-04-05T10.27.27.5735424-LCTW01512-8374-TFK554-TTG624-27TFKCUDUMMY.xml
AANBD198TEC5,57.0,-135.0,57.9062,-136.2,11422.46,11407.299805,1.503728180224062,15.160194999998566,2026-04-05T11.32.16.7863347-LCTW01512-8374-DMT104-TTG624-DMTDUMMY.xml,2026-04-05T10.27.27.5735424-LCTW01512-8374-TFK554-TTG624-27TFKCUDUMMY.xml
AANBD234TEC0,0.0,0.0,0.0067,-3.6622,11573.8,11567.900391,3.6622061288245367,5.899609000000055,2026-04-03T14.59.32.1725319-LCTW01514-8374-DMT104-TTB628-DMTDUMMY.xml,2026-04-03T06.06.17.3745141-LCTW01514-8374-TFK657-TTB628-METDUMMY.xml
AANBD234TEC0,18.0,18.0,19.3019,19.3019,11584.29,11564.0,1.8411646368535322,20.290000000000873,2026-04-03T14.59.32.1725319-LCTW01514-8374-DMT104-TTB628-DMTDUMMY.xml,2026-04-03T06.06.17.3745141-LCTW01514-8374-TFK657-TTB628-METDUMMY.xml
AANBD234TEC0,18.0,-21.0,19.3019,-19.3019,11579.09,11561.900391,2.1397399888771536,17.189609000000928,2026-04-03T14.59.32.1725319-LCTW01514-8374-DMT104-TTB628-DMTDUMMY.xml,2026-04-03T06.06.17.3745141-LCTW01514-8374-TFK657-TTB628-METDUMMY.xml
AANBD234TEC0,-48.0,-36.0,-47.4578,-36.4348,11492.68,11479.299805,0.6950049496226653,13.38019499999973,2026-04-03T14.59.32.1725319-LCTW01514-8374-DMT104-TTB628-DMTDUMMY.xml,2026-04-03T06.06.17.3745141-LCTW01514-8374-TFK657-TTB628-METDUMMY.xml
AANBD234TEC0,-57.0,18.0,-57.9062,19.3019,11494.97,11478.299805,1.5862351811758546,16.670194999998785,2026-04-03T14.59.32.1725319-LCTW01514-8374-DMT104-TTB628-DMTDUMMY.xml,2026-04-03T06.06.17.3745141-LCTW01514-8374-TFK657-TTB628-METDUMMY.xml
AANBD234TEC0,-18.0,-57.0,-19.3019,-57.9062,11491.62,11473.799805,1.5862351811758546,17.82019500000024,2026-04-03T14.59.32.1725319-LCTW01514-8374-DMT104-TTB628-DMTDUMMY.xml,2026-04-03T06.06.17.3745141-LCTW01514-8374-TFK657-TTB628-METDUMMY.xml
AANBD234TEC0,-18.0,57.0,-19.3019,57.9062,11495.55,11480.599609,1.5862351811758546,14.95039099999849,2026-04-03T14.59.32.1725319-LCTW01514-8374-DMT104-TTB628-DMTDUMMY.xml,2026-04-03T06.06.17.3745141-LCTW01514-8374-TFK657-TTB628-METDUMMY.xml
AANBD234TEC0,72.0,-3.0,71.2039,-3.6622,11469.04,11456.200195,1.035511491969062,12.839805000001434,2026-04-03T14.59.32.1725319-LCTW01514-8374-DMT104-TTB628-DMTDUMMY.xml,2026-04-03T06.06.17.3745141-LCTW01514-8374-TFK657-TTB628-METDUMMY.xml
AANBD234TEC0,57.0,57.0,57.9062,57.9062,11451.29,11440.599609,1.2815603302224963,10.69039100000009,2026-04-03T14.59.32.1725319-LCTW01514-8374-DMT104-TTB628-DMTDUMMY.xml,2026-04-03T06.06.17.3745141-LCTW01514-8374-TFK657-TTB628-METDUMMY.xml
AANBD234TEC0,-72.0,63.0,-71.1902,61.8829,11430.77,11424.599609,1.37974216794298,6.170390999999654,2026-04-03T14.59.32.1725319-LCTW01514-8374-DMT104-TTB628-DMTDUMMY.xml,2026-04-03T06.06.17.3745141-LCTW01514-8374-TFK657-TTB628-METDUMMY.xml
AANBD234TEC0,18.0,-96.0,19.3019,-96.51,11427.81,11414.599609,1.398228740228152,13.210390999998708,2026-04-03T14.59.32.1725319-LCTW01514-8374-DMT104-TTB628-DMTDUMMY.xml,2026-04-03T06.06.17.3745141-LCTW01514-8374-TFK657-TTB628-METDUMMY.xml
AANBD234TEC0,18.0,96.0,19.3019,96.51,11428.38,11417.200195,1.398228740228152,11.17980499999976,2026-04-03T14.59.32.1725319-LCTW01514-8374-DMT104-TTB628-DMTDUMMY.xml,2026-04-03T06.06.17.3745141-LCTW01514-8374-TFK657-TTB628-METDUMMY.xml
AANBD234TEC0,96.0,18.0,96.51,19.3019,11438.2,11424.5,1.398228740228152,13.700000000000728,2026-04-03T14.59.32.1725319-LCTW01514-8374-DMT104-TTB628-DMTDUMMY.xml,2026-04-03T06.06.17.3745141-LCTW01514-8374-TFK657-TTB628-METDUMMY.xml
AANBD234TEC0,72.0,-69.0,71.2039,-69.2075,11431.95,11422.799805,0.8226976722952309,9.150195000000167,2026-04-03T14.59.32.1725319-LCTW01514-8374-DMT104-TTB628-DMTDUMMY.xml,2026-04-03T06.06.17.3745141-LCTW01514-8374-TFK657-TTB628-METDUMMY.xml
AANBD234TEC0,-96.0,-57.0,-96.51,-57.9062,11412.72,11400.799805,1.0398550091238692,11.920194999998785,2026-04-03T14.59.32.1725319-LCTW01514-8374-DMT104-TTB628-DMTDUMMY.xml,2026-04-03T06.06.17.3745141-LCTW01514-8374-TFK657-TTB628-METDUMMY.xml
AANBD234TEC0,-57.0,-96.0,-57.9062,-96.51,11409.6,11396.5,1.0398550091238692,13.100000000000364,2026-04-03T14.59.32.1725319-LCTW01514-8374-DMT104-TTB628-DMTDUMMY.xml,2026-04-03T06.06.17.3745141-LCTW01514-8374-TFK657-TTB628-METDUMMY.xml
AANBD234TEC0,-57.0,96.0,-57.9062,96.51,11404.25,11394.5,1.0398550091238692,9.75,2026-04-03T14.59.32.1725319-LCTW01514-8374-DMT104-TTB628-DMTDUMMY.xml,2026-04-03T06.06.17.3745141-LCTW01514-8374-TFK657-TTB628-METDUMMY.xml
AANBD234TEC0,96.0,63.0,94.9361,61.8829,11406.84,11399.400391,1.5426586206935122,7.439609000000928,2026-04-03T14.59.32.1725319-LCTW01514-8374-DMT104-TTB628-DMTDUMMY.xml,2026-04-03T06.06.17.3745141-LCTW01514-8374-TFK657-TTB628-METDUMMY.xml
AANBD234TEC0,-120.0,-3.0,-118.655,-3.6622,11396.68,11391.0,1.4991777212859043,5.680000000000291,2026-04-03T14.59.32.1725319-LCTW01514-8374-DMT104-TTB628-DMTDUMMY.xml,2026-04-03T06.06.17.3745141-LCTW01514-8374-TFK657-TTB628-METDUMMY.xml
AANBD234TEC0,0.0,126.0,0.0067,127.428,11376.21,11365.0,1.4280157177006112,11.209999999999127,2026-04-03T14.59.32.1725319-LCTW01514-8374-DMT104-TTB628-DMTDUMMY.xml,2026-04-03T06.06.17.3745141-LCTW01514-8374-TFK657-TTB628-METDUMMY.xml
AANBD234TEC0,0.0,-135.0,0.0067,-134.7529999,11357.35,11349.599609,0.24709095369926845,7.750390999999581,2026-04-03T14.59.32.1725319-LCTW01514-8374-DMT104-TTB628-DMTDUMMY.xml,2026-04-03T06.06.17.3745141-LCTW01514-8374-TFK657-TTB628-METDUMMY.xml
AANBD234TEC0,-96.0,96.0,-96.51,96.51,11349.52,11339.700195,0.7212489168102857,9.819805000000997,2026-04-03T14.59.32.1725319-LCTW01514-8374-DMT104-TTB628-DMTDUMMY.xml,2026-04-03T06.06.17.3745141-LCTW01514-8374-TFK657-TTB628-METDUMMY.xml
AANBD234TEC0,96.0,-96.0,96.51,-96.51,11358.87,11348.799805,0.7212489168102857,10.07019500000024,2026-04-03T14.59.32.1725319-LCTW01514-8374-DMT104-TTB628-DMTDUMMY.xml,2026-04-03T06.06.17.3745141-LCTW01514-8374-TFK657-TTB628-METDUMMY.xml
AANBD234TEC0,135.0,18.0,136.2,19.3019,11364.17,11351.599609,1.7705771968485227,12.57039099999929,2026-04-03T14.59.32.1725319-LCTW01514-8374-DMT104-TTB628-DMTDUMMY.xml,2026-04-03T06.06.17.3745141-LCTW01514-8374-TFK657-TTB628-METDUMMY.xml
AANBD234TEC0,72.0,126.0,71.2039,127.428,11347.04,11346.900391,1.6349187166339447,0.13960900000165566,2026-04-03T14.59.32.1725319-LCTW01514-8374-DMT104-TTB628-DMTDUMMY.xml,2026-04-03T06.06.17.3745141-LCTW01514-8374-TFK657-TTB628-METDUMMY.xml
AANBD234TEC0,141.0,-36.0,142.401,-36.4348,11355.9,11388.0,1.466919234313884,-32.100000000000364,2026-04-03T14.59.32.1725319-LCTW01514-8374-DMT104-TTB628-DMTDUMMY.xml,2026-04-03T06.06.17.3745141-LCTW01514-8374-TFK657-TTB628-METDUMMY.xml
AANBD234TEC0,-135.0,-57.0,-136.2,-57.9062,11480.1,11470.400391,1.503728180224062,9.699609000001146,2026-04-03T14.59.32.1725319-LCTW01514-8374-DMT104-TTB628-DMTDUMMY.xml,2026-04-03T06.06.17.3745141-LCTW01514-8374-TFK657-TTB628-METDUMMY.xml
AANBD234TEC0,-135.0,57.0,-136.2,57.9062,11485.55,11465.200195,1.503728180224062,20.349804999999833,2026-04-03T14.59.32.1725319-LCTW01514-8374-DMT104-TTB628-DMTDUMMY.xml,2026-04-03T06.06.17.3745141-LCTW01514-8374-TFK657-TTB628-METDUMMY.xml
AANBD234TEC0,-57.0,-135.0,-57.9062,-136.2,11483.29,11478.700195,1.503728180224062,4.589805000001434,2026-04-03T14.59.32.1725319-LCTW01514-8374-DMT104-TTB628-DMTDUMMY.xml,2026-04-03T06.06.17.3745141-LCTW01514-8374-TFK657-TTB628-METDUMMY.xml
AANBD234TEC0,-57.0,135.0,-57.9062,136.2,11486.16,11455.5,1.503728180224062,30.659999999999854,2026-04-03T14.59.32.1725319-LCTW01514-8374-DMT104-TTB628-DMTDUMMY.xml,2026-04-03T06.06.17.3745141-LCTW01514-8374-TFK657-TTB628-METDUMMY.xml
AANBD234TEC0,57.0,-135.0,57.9062,-136.2,11485.32,11480.700195,1.503728180224062,4.6198050000002695,2026-04-03T14.59.32.1725319-LCTW01514-8374-DMT104-TTB628-DMTDUMMY.xml,2026-04-03T06.06.17.3745141-LCTW01514-8374-TFK657-TTB628-METDUMMY.xml
